WORD_ID,VOCAB_WORD
0,http
1,use
2,list
3,email
4,get
5,mail
6,one
7,free
8,time
9,work
10,messag
11,make
12,like
13,would
14,peopl
15,new
16,inform
17,receiv
18,pleas
19,click
20,busi
21,address
22,want
23,us
24,need
25,order
26,remov
27,also
28,go
29,year
30,send
31,money
32,file
33,compani
34,system
35,report
36,way
37,wrote
38,name
39,user
40,look
41,chang
42,site
43,day
44,know
45,state
46,program
47,may
48,see
49,call
50,could
51,group
52,even
53,think
54,includ
55,linux
56,first
57,offer
58,take
59,say
60,servic
61,right
62,tri
63,world
64,help
65,find
66,internet
67,market
68,product
69,mani
70,much
71,home
72,said
73,softwar
74,web
75,problem
76,date
77,line
78,spam
79,link
80,check
81,start
82,number
83,run
84,good
85,thing
86,well
87,subject
88,interest
89,phone
90,govern
91,person
92,provid
93,set
94,today
95,come
96,ad
97,million
98,give
99,server
100,follow
101,back
102,best
103,month
104,form
105,rate
106,everi
107,secur
108,gener
109,url
110,price
111,still
112,comput
113,packag
114,instal
115,code
116,avail
117,sent
118,life
119,version
120,read
121,commun
122,sinc
123,grant
124,maintain
125,sponsor
126,thank
127,network
128,two
129,differ
130,credit
131,without
132,made
133,develop
134,support
135,within
136,week
137,page
138,write
139,save
140,case
141,subscript
142,realli
143,irish
144,someth
145,current
146,un
147,anyon
148,last
149,onlin
150,complet
151,sure
152,card
153,seem
154,build
155,requir
156,manag
157,custom
158,de
159,ilug
160,never
161,better
162,window
163,keep
164,special
165,ca
166,point
167,place
168,search
169,per
170,anoth
171,found
172,actual
173,access
174,result
175,repli
176,contact
177,question
178,part
179,base
180,old
181,listmast
182,futur
183,put
184,issu
185,wish
186,long
187,next
188,let
189,live
190,hour
191,countri
192,end
193,invest
194,easi
195,must
196,mean
197,unsubscrib
198,process
199,unit
200,lot
201,great
202,got
203,technolog
204,show
205,account
206,nation
207,guarante
208,might
209,power
210,releas
211,legal
212,data
213,cost
214,allow
215,success
216,sourc
217,news
218,engin
219,possibl
220,trade
221,visit
222,profession
223,idea
224,post
225,increas
226,pay
227,ask
228,public
229,advertis
230,open
231,error
232,websit
233,opportun
234,test
235,real
236,sell
237,ever
238,less
239,respons
240,insur
241,plan
242,design
243,tell
244,creat
245,word
246,buy
247,reason
248,prefer
249,howev
250,heaven
251,someon
252,effect
253,aug
254,cd
255,color
256,law
257,sale
258,improv
259,applic
260,around
261,instead
262,fact
263,least
264,box
265,dollar
266,fix
267,ye
268,american
269,rpm
270,job
271,copi
272,simpl
273,probabl
274,origin
275,believ
276,cours
277,contain
278,fax
279,move
280,type
281,happen
282,though
283,friend
284,littl
285,els
286,financi
287,total
288,share
289,welcom
290,valu
291,request
292,add
293,exampl
294,return
295,abl
296,client
297,format
298,perl
299,anyth
300,alway
301,simpli
302,alreadi
303,high
304,protect
305,fill
306,full
307,cash
308,feel
309,mailto
310,directori
311,regard
312,purchas
313,bit
314,stop
315,licens
316,signatur
317,import
318,intern
319,experi
320,polici
321,answer
322,exist
323,past
324,note
325,famili
326,updat
327,learn
328,top
329,info
330,sep
331,geek
332,becom
333,act
334,lead
335,drive
336,age
337,small
338,ship
339,second
340,instruct
341,suppli
342,control
343,databas
344,member
345,low
346,thousand
347,recent
348,incom
349,select
350,featur
351,stuff
352,minut
353,appli
354,yet
355,industri
356,turn
357,sever
358,done
359,citi
360,continu
361,limit
362,understand
363,tool
364,detail
365,guid
366,c
367,noth
368,exmh
369,folder
370,notic
371,everyth
372,step
373,oper
374,enough
375,claim
376,big
377,sign
378,univers
379,caus
380,letter
381,e
382,larg
383,key
384,care
385,other
386,three
387,hard
388,thinkgeek
389,connect
390,record
391,accept
392,discuss
393,text
394,etc
395,thu
396,bill
397,term
398,play
399,pgp
400,specif
401,offic
402,via
403,talk
404,america
405,mayb
406,immedi
407,deal
408,direct
409,option
410,download
411,major
412,seen
413,forc
414,subscrib
415,hope
416,true
417,thought
418,kind
419,center
420,individu
421,method
422,decid
423,rule
424,lose
425,log
426,plu
427,natur
428,comment
429,matter
430,either
431,risk
432,yahoo
433,assist
434,quot
435,present
436,rather
437,content
438,away
439,mime
440,wait
441,rememb
442,hand
443,bank
444,r
445,fund
446,kernel
447,local
448,project
449,secret
450,loan
451,train
452,level
453,hundr
454,activ
455,corpor
456,matthia
457,consid
458,research
459,area
460,razor
461,forward
462,august
463,book
464,bodi
465,root
466,stori
467,addit
468,machin
469,target
470,benefit
471,standard
472,entir
473,war
474,suggest
475,quit
476,bad
477,document
478,copyright
479,presid
480,posit
481,appear
482,global
483,author
484,bug
485,often
486,expect
487,distribut
488,juli
489,polit
490,human
491,mind
492,septemb
493,grow
494,jul
495,ago
496,size
497,hit
498,qualiti
499,none
500,trust
501,easili
502,partner
503,pm
504,island
505,agent
506,b
507,whether
508,love
509,join
510,absolut
511,given
512,collect
513,involv
514,solut
515,amount
516,happi
517,fast
518,associ
519,domain
520,charg
521,singl
522,man
523,whole
524,promot
525,dvd
526,later
527,earn
528,sort
529,far
530,fork
531,hi
532,feder
533,parti
534,submit
535,mortgag
536,upon
537,enter
538,meet
539,potenti
540,refer
541,wed
542,wrong
543,normal
544,function
545,red
546,nice
547,tm
548,load
549,john
550,wonder
551,almost
552,econom
553,transact
554,social
555,publish
556,discov
557,everyon
558,reach
559,close
560,pass
561,view
562,fail
563,execut
564,sound
565,depend
566,profit
567,perform
568,privat
569,women
570,attack
571,broadcast
572,x
573,newslett
574,paid
575,automat
576,relat
577,statement
578,contract
579,effort
580,delet
581,mark
582,begin
583,foreign
584,compil
585,sequenc
586,regist
587,miss
588,media
589,bush
590,spamassassin
591,final
592,figur
593,cell
594,header
595,command
596,stock
597,handl
598,display
599,action
600,similar
601,game
602,tuesday
603,locat
604,templ
605,pick
606,transfer
607,digit
608,wo
609,disk
610,event
611,hat
612,chri
613,produc
614,known
615,soon
616,track
617,articl
618,print
619,longer
620,tax
621,properti
622,pretti
623,mention
624,toner
625,store
626,default
627,dear
628,script
629,debt
630,pc
631,men
632,hous
633,oblig
634,sun
635,upgrad
636,microsoft
637,respect
638,imag
639,organ
640,due
641,bulk
642,enenkio
643,payment
644,weight
645,capit
646,administr
647,commiss
648,along
649,health
650,freedom
651,daili
652,offici
653,propos
654,worth
655,half
656,cartridg
657,usa
658,practic
659,languag
660,came
661,billion
662,strategi
663,resourc
664,late
665,leav
666,platform
667,assum
668,concern
669,remain
670,clear
671,net
672,devic
673,street
674,html
675,exactli
676,car
677,lost
678,ignor
679,anyway
680,tire
681,ok
682,interact
683,went
684,respond
685,hear
686,tue
687,tablet
688,taken
689,head
690,deliv
691,la
692,n
693,independ
694,clean
695,bring
696,perhap
697,configur
698,space
699,qualifi
700,watch
701,averag
702,fals
703,fine
704,press
705,invok
706,short
707,expens
708,recommend
709,retail
710,school
711,membership
712,enabl
713,fall
714,memori
715,huge
716,guess
717,consult
718,fee
719,host
720,extrem
721,left
722,xml
723,edit
724,suit
725,review
726,usual
727,choos
728,advantag
729,warn
730,common
731,en
732,compar
733,except
734,region
735,materi
736,port
737,agre
738,main
739,side
740,abil
741,field
742,announc
743,fri
744,le
745,told
746,dream
747,five
748,guy
749,although
750,paper
751,basic
752,drop
753,readi
754,spend
755,vulner
756,growth
757,black
758,educ
759,hold
760,item
761,model
762,win
763,cheer
764,electron
765,face
766,replac
767,bonu
768,studi
769,interfac
770,confidenti
771,unseen
772,reserv
773,altern
774,loss
775,intend
776,accord
777,mon
778,safe
779,kingdom
780,j
781,avoid
782,choic
783,implement
784,id
785,rest
786,approv
787,oz
788,multipl
789,commerci
790,histori
791,situat
792,moment
793,break
794,togeth
795,chanc
796,employ
797,insid
798,investig
799,combin
800,extra
801,pictur
802,section
803,p
804,coupl
805,quick
806,initi
807,purpos
808,confirm
809,advanc
810,msg
811,util
812,across
813,monday
814,court
815,goe
816,unless
817,particular
818,burn
819,energi
820,object
821,score
822,express
823,et
824,india
825,male
826,indic
827,owner
828,video
829,took
830,filter
831,count
832,sens
833,agenc
834,directli
835,correct
836,speed
837,societi
838,procedur
839,die
840,anywher
841,variou
842,profil
843,four
844,valid
845,match
846,uniqu
847,gpl
848,ventur
849,period
850,seek
851,especi
852,consum
853,piec
854,sex
855,spammer
856,behalf
857,certain
858,white
859,whatev
860,investor
861,kevin
862,knowledg
863,popul
864,explain
865,adam
866,class
867,setup
868,latest
869,remot
870,cut
871,gain
872,unison
873,tip
874,dagga
875,oh
876,atol
877,militari
878,block
879,ftp
880,googl
881,gari
882,marshal
883,south
884,unix
885,lawrenc
886,patch
887,tv
888,switch
889,team
890,establish
891,valuabl
892,smoke
893,aaaaaaaaaaaaaaaaaaaaaaaaaaaaaaaaaaaaaaaaaaaaaaaaaaaaaaaaaaaaaaaaaaaaaaaaaaaa
894,java
895,ragga
896,shop
897,imagin
898,integr
899,prevent
900,robert
901,attempt
902,prepar
903,third
904,will
905,folk
906,privaci
907,necessari
908,tag
909,sometim
910,sorri
911,hardwar
912,boot
913,manual
914,heard
915,congress
916,screen
917,saou
918,particip
919,york
920,bottl
921,reduc
922,china
923,fastest
924,night
925,sa
926,stand
927,enjoy
928,depart
929,backup
930,cover
931,goal
932,obtain
933,path
934,seriou
935,mass
936,alb
937,regul
938,driver
939,certainli
940,h
941,competit
942,lower
943,suppos
944,botan
945,amaz
946,fulli
947,promis
948,land
949,capabl
950,poor
951,medic
952,speak
953,introduc
954,deathtospamdeathtospamdeathtospam
955,scienc
956,apolog
957,traffic
958,lowest
959,extend
960,titl
961,describ
962,defin
963,movi
964,definit
965,troubl
966,neg
967,paul
968,cv
969,film
970,exchang
971,easier
972,rang
973,sender
974,os
975,wireless
976,decis
977,osdn
978,approach
979,technic
980,death
981,murphi
982,predict
983,six
984,earli
985,commit
986,quickli
987,beberg
988,written
989,fortun
990,redhat
991,im
992,worri
993,sold
994,kill
995,ham
996,firm
997,seventh
998,michael
999,button
1000,apt
1001,judgment
1002,music
1003,ensur
1004,mobil
1005,economi
1006,father
1007,fat
1008,opinion
1009,king
1010,north
1011,faster
1012,attach
1013,telephon
1014,browser
1015,archiv
1016,librari
1017,premium
1018,achiev
1019,bar
1020,argument
1021,player
1022,travel
1023,adult
1024,desir
1025,separ
1026,techniqu
1027,enterpris
1028,threat
1029,cooper
1030,demand
1031,deserv
1032,board
1033,appar
1034,uk
1035,modul
1036,condit
1037,hello
1038,anim
1039,wide
1040,outsid
1041,terrorist
1042,attent
1043,estat
1044,elimin
1045,determin
1046,enhanc
1047,stay
1048,dave
1049,drug
1050,monthli
1051,f
1052,repres
1053,wall
1054,children
1055,expert
1056,virtual
1057,cabl
1058,modifi
1059,declar
1060,held
1061,environ
1062,pain
1063,sincer
1064,gnupg
1065,fun
1066,danger
1067,permiss
1068,washington
1069,signific
1070,kid
1071,confid
1072,relev
1073,david
1074,iii
1075,sum
1076,canada
1077,programm
1078,w
1079,rich
1080,equip
1081,exclus
1082,cc
1083,forev
1084,air
1085,popular
1086,proven
1087,justin
1088,bottom
1089,string
1090,bitbitch
1091,cat
1092,diet
1093,excel
1094,expand
1095,paragraph
1096,usd
1097,centuri
1098,skip
1099,factor
1100,g
1101,central
1102,friday
1103,san
1104,monitor
1105,pattern
1106,relationship
1107,anybodi
1108,identifi
1109,near
1110,challeng
1111,toward
1112,behind
1113,director
1114,excit
1115,asset
1116,l
1117,terror
1118,appreci
1119,exercis
1120,girl
1121,perfect
1122,confer
1123,progress
1124,sexual
1125,discoveri
1126,citizen
1127,rh
1128,defens
1129,whose
1130,background
1131,rais
1132,among
1133,roman
1134,unsolicit
1135,hettinga
1136,difficult
1137,fit
1138,west
1139,rel
1140,road
1141,lender
1142,colleg
1143,spain
1144,octob
1145,thread
1146,intellig
1147,acquir
1148,partit
1149,photo
1150,sampl
1151,entri
1152,illeg
1153,seri
1154,tie
1155,chief
1156,solv
1157,confus
1158,strong
1159,william
1160,serv
1161,reader
1162,earth
1163,european
1164,measur
1165,largest
1166,stupid
1167,tree
1168,refin
1169,ms
1170,fair
1171,instant
1172,mode
1173,verifi
1174,french
1175,extract
1176,equival
1177,built
1178,regular
1179,peac
1180,reliabl
1181,conveni
1182,oct
1183,resid
1184,deliveri
1185,procmail
1186,laptop
1187,mac
1188,slow
1189,sweet
1190,index
1191,lock
1192,dead
1193,smart
1194,categori
1195,suse
1196,brian
1197,tradit
1198,datapow
1199,arial
1200,front
1201,africa
1202,inlin
1203,graphic
1204,leader
1205,cach
1206,voic
1207,europ
1208,ident
1209,annuiti
1210,emerg
1211,useless
1212,realiz
1213,femal
1214,tim
1215,ten
1216,statu
1217,verdana
1218,desktop
1219,fire
1220,occur
1221,compat
1222,capillari
1223,campaign
1224,gnu
1225,cultur
1226,abus
1227,gift
1228,therefor
1229,young
1230,evid
1231,physic
1232,concept
1233,revenu
1234,previous
1235,higher
1236,satellit
1237,herba
1238,institut
1239,deposit
1240,brand
1241,warranti
1242,thursday
1243,launch
1244,aid
1245,walk
1246,convers
1247,nigeria
1248,degre
1249,roll
1250,doubt
1251,otherwis
1252,june
1253,concentr
1254,underlin
1255,contribut
1256,weapon
1257,honor
1258,former
1259,compet
1260,arriv
1261,inde
1262,forget
1263,classifi
1264,carri
1265,pacif
1266,indian
1267,yeah
1268,wife
1269,unlimit
1270,repositori
1271,listen
1272,critic
1273,powel
1274,fight
1275,affili
1276,recipi
1277,conflict
1278,token
1279,app
1280,storag
1281,percent
1282,sat
1283,isp
1284,unfortun
1285,surpris
1286,password
1287,tech
1288,extens
1289,assur
1290,basi
1291,sleep
1292,sit
1293,effici
1294,civil
1295,art
1296,succeed
1297,hot
1298,jabber
1299,catch
1300,hermio
1301,detect
1302,printer
1303,intro
1304,substanti
1305,water
1306,alsa
1307,panel
1308,kept
1309,garrigu
1310,mine
1311,scan
1312,enemi
1313,proprietari
1314,ip
1315,descript
1316,charact
1317,pull
1318,jm
1319,menu
1320,light
1321,tabl
1322,god
1323,v
1324,attract
1325,truth
1326,disabl
1327,joe
1328,advic
1329,saw
1330,output
1331,revers
1332,wednesday
1333,discount
1334,pudg
1335,structur
1336,seven
1337,vendor
1338,balanc
1339,worldwid
1340,af
1341,euro
1342,gone
1343,manufactur
1344,analysi
1345,decad
1346,agreement
1347,jame
1348,morn
1349,lack
1350,franc
1351,teach
1352,vote
1353,room
1354,specifi
1355,alon
1356,cool
1357,patent
1358,boston
1359,k
1360,california
1361,editor
1362,whitelist
1363,wast
1364,gold
1365,awar
1366,inc
1367,treat
1368,innov
1369,construct
1370,insert
1371,nobodi
1372,zip
1373,polic
1374,career
1375,tom
1376,highli
1377,temperatur
1378,obvious
1379,clue
1380,theori
1381,journal
1382,financ
1383,ga
1384,flag
1385,constitut
1386,ultim
1387,spec
1388,gcc
1389,encourag
1390,impress
1391,son
1392,incred
1393,touch
1394,input
1395,afford
1396,peni
1397,brain
1398,ebay
1399,correspond
1400,attorney
1401,greater
1402,anymor
1403,usag
1404,trick
1405,cent
1406,ab
1407,middl
1408,jim
1409,mother
1410,hp
1411,blood
1412,previou
1413,master
1414,trial
1415,boy
1416,annual
1417,wake
1418,blank
1419,hate
1420,greg
1421,larger
1422,cbyi
1423,dan
1424,suffer
1425,stream
1426,mike
1427,democrat
1428,el
1429,mechan
1430,urgent
1431,focu
1432,perman
1433,cheap
1434,advis
1435,pound
1436,underwrit
1437,flow
1438,varieti
1439,mostli
1440,style
1441,smtp
1442,php
1443,skeptic
1444,star
1445,summari
1446,speech
1447,judg
1448,particularli
1449,vacat
1450,instanc
1451,percentag
1452,obviou
1453,behavior
1454,wealth
1455,delay
1456,bold
1457,echo
1458,mistak
1459,dynam
1460,toni
1461,comfort
1462,destruct
1463,super
1464,warm
1465,binari
1466,keyboard
1467,earlier
1468,republ
1469,affect
1470,rock
1471,termin
1472,channel
1473,woman
1474,aa
1475,firewal
1476,reveal
1477,u
1478,arm
1479,auto
1480,rick
1481,suspect
1482,dark
1483,telecom
1484,mailer
1485,eye
1486,laserjet
1487,steve
1488,tend
1489,consolid
1490,motiv
1491,se
1492,ireland
1493,ban
1494,essenti
1495,principl
1496,domest
1497,alli
1498,recogn
1499,vipul
1500,rss
1501,heart
1502,prospect
1503,skill
1504,english
1505,btw
1506,floppi
1507,consist
1508,pack
1509,wing
1510,beta
1511,estim
1512,impact
1513,core
1514,prompt
1515,lawyer
1516,highlight
1517,somewher
1518,opt
1519,magazin
1520,dell
1521,invit
1522,eventu
1523,eval
1524,gnome
1525,defend
1526,nearli
1527,restor
1528,unlik
1529,revis
1530,march
1531,role
1532,vehicl
1533,fl
1534,staff
1535,pipe
1536,convert
1537,variabl
1538,beat
1539,comprehens
1540,lifetim
1541,task
1542,ftoc
1543,font
1544,planta
1545,teledynam
1546,audio
1547,ground
1548,biggest
1549,babi
1550,modern
1551,modem
1552,histor
1553,despit
1554,pocket
1555,map
1556,food
1557,eat
1558,dn
1559,hair
1560,python
1561,clearli
1562,ec
1563,ii
1564,favor
1565,commentari
1566,strength
1567,bind
1568,knew
1569,picasso
1570,fresh
1571,bf
1572,complianc
1573,suck
1574,sensit
1575,exploit
1576,mlm
1577,minimum
1578,netscap
1579,coverag
1580,shown
1581,dragon
1582,strongli
1583,config
1584,senior
1585,british
1586,doctor
1587,ea
1588,gave
1589,interview
1590,mailbox
1591,mile
1592,texa
1593,instantli
1594,peter
1595,liber
1596,protocol
1597,conserv
1598,employe
1599,failur
1600,met
1601,truli
1602,dont
1603,stabl
1604,beyond
1605,int
1606,permit
1607,spot
1608,typic
1609,reli
1610,calcul
1611,equal
1612,optim
1613,synchron
1614,consider
1615,tape
1616,everybodi
1617,visa
1618,brought
1619,tx
1620,signal
1621,exact
1622,startup
1623,crash
1624,al
1625,hover
1626,showcas
1627,led
1628,proper
1629,translat
1630,distanc
1631,draw
1632,worst
1633,chines
1634,revok
1635,dial
1636,hidden
1637,geeg
1638,char
1639,annoy
1640,plant
1641,extern
1642,finish
1643,yesterday
1644,crimin
1645,favorit
1646,imposs
1647,evil
1648,bonus
1649,boss
1650,broker
1651,stylu
1652,spent
1653,prove
1654,neighbor
1655,q
1656,rare
1657,retriev
1658,pop
1659,z
1660,bb
1661,ran
1662,acknowledg
1663,sole
1664,repair
1665,bigger
1666,bearer
1667,feet
1668,foundat
1669,explor
1670,artist
1671,sir
1672,poverti
1673,guidelin
1674,safeti
1675,beauti
1676,hotel
1677,somebodi
1678,hell
1679,planet
1680,expir
1681,edward
1682,serious
1683,rebuild
1684,england
1685,hack
1686,properli
1687,equiti
1688,evalu
1689,strang
1690,scientist
1691,portion
1692,rob
1693,minor
1694,chicago
1695,bell
1696,sunday
1697,sport
1698,helvetica
1699,iiu
1700,antiqu
1701,autom
1702,push
1703,strip
1704,jump
1705,restrict
1706,lie
1707,prescript
1708,summer
1709,spread
1710,station
1711,scheme
1712,climat
1713,correctli
1714,vou
1715,threaten
1716,para
1717,shape
1718,entertain
1719,primari
1720,gentl
1721,currenc
1722,mount
1723,lo
1724,headlin
1725,student
1726,fundament
1727,radio
1728,epson
1729,recruit
1730,diseas
1731,becam
1732,mainten
1733,proxi
1734,happier
1735,damag
1736,architectur
1737,resum
1738,hang
1739,craig
1740,laser
1741,merchant
1742,husband
1743,seed
1744,protest
1745,herb
1746,spamd
1747,recal
1748,prioriti
1749,doubl
1750,empti
1751,stick
1752,van
1753,buyer
1754,bc
1755,feroc
1756,plug
1757,vast
1758,muscl
1759,corpu
1760,exit
1761,remedi
1762,settlement
1763,feedback
1764,georg
1765,viagra
1766,ticket
1767,hire
1768,angl
1769,western
1770,tel
1771,prior
1772,reg
1773,faith
1774,somehow
1775,ba
1776,green
1777,laugh
1778,luck
1779,disappear
1780,moor
1781,symbol
1782,dozen
1783,hall
1784,sendmail
1785,creativ
1786,broken
1787,norton
1788,bother
1789,ssh
1790,kathmandu
1791,disclaim
1792,oil
1793,reject
1794,feed
1795,seminar
1796,wors
1797,usb
1798,supplement
1799,child
1800,aspect
1801,batteri
1802,realiti
1803,camera
1804,hormon
1805,anonym
1806,appeal
1807,parent
1808,committe
1809,encrypt
1810,pour
1811,substanc
1812,entrepreneur
1813,allianc
1814,argu
1815,arrang
1816,fantasi
1817,ie
1818,convent
1819,shall
1820,shot
1821,perfectli
1822,acceler
1823,doc
1824,democraci
1825,statist
1826,random
1827,observ
1828,convinc
1829,slightli
1830,blue
1831,sponsorship
1832,park
1833,authent
1834,mozilla
1835,legitim
1836,electr
1837,phrase
1838,shock
1839,neither
1840,serial
1841,empir
1842,edificio
1843,queri
1844,refund
1845,barcelona
1846,strictli
1847,nort
1848,merg
1849,door
1850,hey
1851,edg
1852,award
1853,resolv
1854,auction
1855,frame
1856,funni
1857,east
1858,alert
1859,appropri
1860,capac
1861,lesson
1862,surviv
1863,bear
1864,daniel
1865,ac
1866,solari
1867,carrier
1868,volum
1869,smaller
1870,hunt
1871,survey
1872,damn
1873,tomorrow
1874,fear
1875,eugen
1876,kelli
1877,pressur
1878,highest
1879,aphrodisia
1880,stabil
1881,arrest
1882,virus
1883,pablo
1884,union
1885,strike
1886,te
1887,fairli
1888,aggress
1889,banner
1890,declin
1891,amend
1892,herbal
1893,nt
1894,trip
1895,januari
1896,bought
1897,alter
1898,mr
1899,odd
1900,à
1901,owen
1902,mason
1903,twice
1904,farquhar
1905,meant
1906,gmt
1907,bound
1908,exclud
1909,inbox
1910,easiest
1911,zero
1912,repeat
1913,harm
1914,promiscu
1915,winner
1916,cold
1917,compon
1918,ah
1919,complain
1920,cancel
1921,weekend
1922,welch
1923,violat
1924,licenc
1925,race
1926,duplic
1927,appl
1928,pill
1929,blog
1930,presum
1931,audienc
1932,vari
1933,bunch
1934,deni
1935,scam
1936,round
1937,honest
1938,formula
1939,mh
1940,spray
1941,bandwidth
1942,mirror
1943,nativ
1944,md
1945,genet
1946,prosaka
1947,postal
1948,reduct
1949,debian
1950,farm
1951,algorithm
1952,ratio
1953,mous
1954,club
1955,bankruptci
1956,precis
1957,partnership
1958,possess
1959,analyst
1960,tab
1961,iraq
1962,reboot
1963,viru
1964,split
1965,sea
1966,approxim
1967,compens
1968,gibbon
1969,elsewher
1970,brief
1971,vjestika
1972,martin
1973,renew
1974,austin
1975,gay
1976,â
1977,processor
1978,label
1979,envelop
1980,porn
1981,saturday
1982,dramat
1983,plugin
1984,reward
1985,roger
1986,gordon
1987,weekli
1988,margin
1989,testimoni
1990,deploy
1991,grand
1992,msgid
1993,massiv
1994,lift
1995,sm
1996,apart
1997,that
1998,collabor
1999,retir
2000,prohibit
2001,ibm
2002,religion
2003,agreeabl
2004,flash
2005,complex
2006,aol
2007,infrastructur
2008,millionair
2009,registr
2010,fuck
2011,rohit
2012,adopt
2013,engag
2014,environment
2015,dig
2016,hmm
2017,nvidia
2018,writer
2019,cancer
2020,anytim
2021,schedul
2022,conduct
2023,cycl
2024,shell
2025,inconveni
2026,thoma
2027,ae
2028,satisfi
2029,harley
2030,ps
2031,ministri
2032,northern
2033,solicit
2034,justic
2035,plenti
2036,length
2037,buffer
2038,assembl
2039,african
2040,yellow
2041,rose
2042,candid
2043,self
2044,distro
2045,own
2046,excess
2047,img
2048,null
2049,enforc
2050,began
2051,encount
2052,ffffff
2053,experienc
2054,mere
2055,duncan
2056,rout
2057,swap
2058,clock
2059,onto
2060,acquisit
2061,farmer
2062,henc
2063,russian
2064,attend
2065,evolv
2066,minim
2067,elect
2068,wholesal
2069,guido
2070,newspap
2071,homeown
2072,kate
2073,straight
2074,domin
2075,da
2076,throw
2077,pointer
2078,invent
2079,scale
2080,famou
2081,london
2082,grab
2083,conclud
2084,transform
2085,demonstr
2086,prosper
2087,deep
2088,liter
2089,unabl
2090,mix
2091,chat
2092,toll
2093,context
2094,wave
2095,colleagu
2096,glad
2097,lawsuit
2098,niall
2099,buck
2100,rank
2101,murder
2102,var
2103,solid
2104,receipt
2105,hors
2106,televis
2107,boost
2108,christian
2109,oppos
2110,remark
2111,co
2112,valhalla
2113,crime
2114,skin
2115,loop
2116,entiti
2117,preserv
2118,blame
2119,routin
2120,attain
2121,religi
2122,resel
2123,proof
2124,assert
2125,corrupt
2126,brent
2127,moral
2128,passphras
2129,habea
2130,accur
2131,replica
2132,forest
2133,paypal
2134,webmast
2135,inspir
2136,tune
2137,inkjet
2138,icq
2139,numer
2140,tast
2141,asia
2142,newsgroup
2143,mathemat
2144,marshalles
2145,abacha
2146,russia
2147,glm
2148,scientif
2149,vircio
2150,song
2151,yield
2152,chart
2153,victim
2154,rise
2155,visitor
2156,heavi
2157,joseph
2158,na
2159,embed
2160,destroy
2161,brother
2162,bu
2163,sheet
2164,mountain
2165,ben
2166,column
2167,hash
2168,frequent
2169,bless
2170,throughout
2171,regardless
2172,hint
2173,formal
2174,jar
2175,pure
2176,decemb
2177,dog
2178,freebsd
2179,remind
2180,limbo
2181,mess
2182,incompat
2183,logic
2184,classic
2185,chip
2186,consequ
2187,labor
2188,drink
2189,ed
2190,aim
2191,bay
2192,branch
2193,trace
2194,town
2195,amateur
2196,spamtrap
2197,satisfact
2198,gambl
2199,assign
2200,est
2201,pars
2202,smoker
2203,syntax
2204,exhibit
2205,crap
2206,negoti
2207,topic
2208,coast
2209,exceed
2210,focus
2211,violenc
2212,imho
2213,prize
2214,spirit
2215,worker
2216,export
2217,que
2218,medium
2219,ladi
2220,joke
2221,adapt
2222,privileg
2223,felt
2224,il
2225,fan
2226,byte
2227,pa
2228,batch
2229,complic
2230,pursu
2231,circumst
2232,vice
2233,cheaper
2234,lib
2235,specialist
2236,battl
2237,stamp
2238,opposit
2239,incorpor
2240,tremend
2241,appoint
2242,kit
2243,gather
2244,lover
2245,pro
2246,intel
2247,truck
2248,sur
2249,affair
2250,bet
2251,goto
2252,admit
2253,loos
2254,alan
2255,older
2256,entitl
2257,chairman
2258,po
2259,riaa
2260,airlin
2261,unknown
2262,struggl
2263,caught
2264,compel
2265,border
2266,strengthen
2267,sophist
2268,trivial
2269,boundari
2270,jodi
2271,florida
2272,ui
2273,liberti
2274,okay
2275,compress
2276,moder
2277,keyword
2278,unwant
2279,sector
2280,album
2281,ved
2282,belief
2283,ownership
2284,hole
2285,transmiss
2286,owe
2287,muslim
2288,wear
2289,dublin
2290,airport
2291,britain
2292,australia
2293,ahead
2294,trend
2295,ideal
2296,surfac
2297,mastercard
2298,pioneer
2299,disclosur
2300,stage
2301,penni
2302,suffici
2303,encod
2304,msn
2305,jack
2306,pickl
2307,wa
2308,mplayer
2309,assumpt
2310,palestinian
2311,stress
2312,tin
2313,stephen
2314,ice
2315,adjust
2316,reform
2317,weather
2318,outlook
2319,maker
2320,relay
2321,majesti
2322,dice
2323,dump
2324,overal
2325,raw
2326,refus
2327,weak
2328,scott
2329,maximum
2330,lay
2331,portabl
2332,transpar
2333,chain
2334,magic
2335,hide
2336,sentenc
2337,finger
2338,hawaii
2339,wealthi
2340,marri
2341,influenc
2342,schuman
2343,captur
2344,debug
2345,curv
2346,ne
2347,propag
2348,shout
2349,dinosaur
2350,endeavor
2351,trademark
2352,egg
2353,frustrat
2354,submiss
2355,ou
2356,crack
2357,mandat
2358,ce
2359,timeout
2360,depress
2361,silli
2362,vision
2363,astronom
2364,catalog
2365,spring
2366,explan
2367,patrick
2368,session
2369,holiday
2370,admin
2371,bone
2372,retain
2373,lilo
2374,whatsoev
2375,fli
2376,movement
2377,heck
2378,outstand
2379,rah
2380,spambay
2381,rapidli
2382,circl
2383,mysql
2384,belong
2385,ethic
2386,speaker
2387,scratch
2388,corner
2389,buri
2390,virginia
2391,unusu
2392,tower
2393,casino
2394,hacker
2395,ram
2396,latter
2397,besid
2398,settl
2399,hospit
2400,francisco
2401,ar
2402,intellectu
2403,api
2404,weird
2405,inexpens
2406,randomli
2407,gpg
2408,plane
2409,celebr
2410,tivo
2411,proceed
2412,preced
2413,openssl
2414,eb
2415,iroijlaplap
2416,constant
2417,greatest
2418,snore
2419,minist
2420,du
2421,xxx
2422,twenti
2423,germani
2424,recognit
2425,necessarili
2426,lean
2427,organis
2428,intent
2429,igtt
2430,expos
2431,bomb
2432,scholarship
2433,fuel
2434,ir
2435,pentium
2436,prob
2437,ez
2438,ton
2439,jeremi
2440,abandon
2441,joint
2442,formul
2443,thirti
2444,wild
2445,jurisdict
2446,element
2447,une
2448,armi
2449,framework
2450,tweak
2451,arg
2452,maxim
2453,season
2454,conclus
2455,theme
2456,harvest
2457,german
2458,es
2459,richard
2460,fp
2461,japan
2462,relax
2463,marriag
2464,dr
2465,forum
2466,openssh
2467,recov
2468,greet
2469,scope
2470,notifi
2471,potent
2472,dedic
2473,bsd
2474,distributor
2475,burner
2476,flight
2477,freez
2478,magnitud
2479,trader
2480,invalid
2481,asian
2482,angel
2483,ximian
2484,decreas
2485,subsequ
2486,con
2487,mutual
2488,bob
2489,capitalist
2490,council
2491,maxaman
2492,bond
2493,leas
2494,pci
2495,raid
2496,anthoni
2497,everywher
2498,zone
2499,draft
